match_date,team1_name,team2_name,iso_a,iso_b,host_iso,goals_a,goals_b,pens_a,pens_b
2026-06-11,Mexico,South Africa,MEX,ZAF,MEX,2,0,,
2026-06-11,South Korea,Czech Republic,KOR,CZE,MEX,2,1,,
2026-06-12,Canada,Bosnia & Herzegovina,CAN,BIH,CAN,1,1,,
2026-06-12,USA,Paraguay,USA,PRY,USA,4,1,,
2026-06-13,Qatar,Switzerland,QAT,CHE,USA,1,1,,
2026-06-13,Australia,Turkey,AUS,TUR,CAN,2,0,,
2026-06-13,Brazil,Morocco,BRA,MAR,USA,1,1,,
2026-06-13,Haiti,Scotland,HTI,SCO,USA,0,1,,
2026-06-14,Sweden,Tunisia,SWE,TUN,MEX,5,1,,
2026-06-14,Netherlands,Japan,NLD,JPN,USA,2,2,,
2026-06-14,Ivory Coast,Ecuador,CIV,ECU,USA,1,0,,
2026-06-14,Germany,Curaçao,DEU,CUW,USA,7,1,,
2026-06-15,Iran,New Zealand,IRN,NZL,USA,2,2,,
2026-06-15,Belgium,Egypt,BEL,EGY,USA,1,1,,
2026-06-15,Saudi Arabia,Uruguay,SAU,URY,USA,1,1,,
2026-06-15,Spain,Cape Verde,ESP,CPV,USA,0,0,,
2026-06-16,France,Senegal,FRA,SEN,USA,3,1,,
2026-06-16,Iraq,Norway,IRQ,NOR,USA,1,4,,
2026-06-16,Austria,Jordan,AUT,JOR,USA,3,1,,
2026-06-16,Argentina,Algeria,ARG,DZA,USA,3,0,,
2026-06-17,Portugal,DR Congo,PRT,COD,USA,1,1,,
2026-06-17,Uzbekistan,Colombia,UZB,COL,MEX,1,3,,
2026-06-17,Ghana,Panama,GHA,PAN,CAN,1,0,,
2026-06-17,England,Croatia,ENG,HRV,USA,4,2,,
2026-06-18,Czech Republic,South Africa,CZE,ZAF,USA,1,1,,
2026-06-18,Mexico,South Korea,MEX,KOR,MEX,1,0,,
2026-06-18,Switzerland,Bosnia & Herzegovina,CHE,BIH,USA,4,1,,
2026-06-18,Canada,Qatar,CAN,QAT,CAN,6,0,,
2026-06-19,Scotland,Morocco,SCO,MAR,USA,0,1,,
2026-06-19,Brazil,Haiti,BRA,HTI,USA,3,0,,
2026-06-19,USA,Australia,USA,AUS,USA,2,0,,
2026-06-19,Turkey,Paraguay,TUR,PRY,USA,0,1,,
2026-06-20,Germany,Ivory Coast,DEU,CIV,CAN,2,1,,
2026-06-20,Ecuador,Curaçao,ECU,CUW,USA,0,0,,
2026-06-20,Netherlands,Sweden,NLD,SWE,USA,5,1,,
2026-06-20,Tunisia,Japan,TUN,JPN,MEX,0,4,,
2026-06-21,Uruguay,Cape Verde,URY,CPV,USA,2,2,,
2026-06-21,Belgium,Iran,BEL,IRN,USA,0,0,,
2026-06-21,New Zealand,Egypt,NZL,EGY,CAN,1,3,,
2026-06-21,Spain,Saudi Arabia,ESP,SAU,USA,4,0,,
2026-06-22,Argentina,Austria,ARG,AUT,USA,2,0,,
2026-06-22,France,Iraq,FRA,IRQ,USA,3,0,,
2026-06-22,Jordan,Algeria,JOR,DZA,USA,2,1,,
2026-06-22,Norway,Senegal,NOR,SEN,USA,3,2,,
2026-06-23,Portugal,Uzbekistan,PRT,UZB,USA,5,0,,
2026-06-23,Panama,Croatia,PAN,HRV,CAN,0,1,,
2026-06-23,England,Ghana,ENG,GHA,USA,0,0,,
2026-06-23,Colombia,DR Congo,COL,COD,MEX,1,0,,
2026-06-24,Switzerland,Canada,CHE,CAN,CAN,2,1,,
2026-06-24,Bosnia & Herzegovina,Qatar,BIH,QAT,USA,3,1,,
2026-06-24,Brazil,Scotland,BRA,SCO,USA,3,0,,
2026-06-24,Morocco,Haiti,MAR,HTI,USA,4,2,,
2026-06-24,Mexico,Czech Republic,MEX,CZE,MEX,3,0,,
2026-06-24,South Africa,South Korea,ZAF,KOR,MEX,1,0,,
2026-06-25,Ecuador,Germany,ECU,DEU,USA,2,1,,
2026-06-25,Curaçao,Ivory Coast,CUW,CIV,USA,0,2,,
2026-06-25,Japan,Sweden,JPN,SWE,USA,1,1,,
2026-06-25,Tunisia,Netherlands,TUN,NLD,USA,1,3,,
2026-06-25,Turkey,USA,TUR,USA,USA,3,2,,
2026-06-25,Paraguay,Australia,PRY,AUS,USA,0,0,,
2026-06-26,Norway,France,NOR,FRA,USA,1,4,,
2026-06-26,Senegal,Iraq,SEN,IRQ,CAN,5,0,,
2026-06-26,Cape Verde,Saudi Arabia,CPV,SAU,USA,0,0,,
2026-06-26,Uruguay,Spain,URY,ESP,MEX,0,1,,
2026-06-26,Egypt,Iran,EGY,IRN,USA,1,1,,
2026-06-26,New Zealand,Belgium,NZL,BEL,CAN,1,5,,
2026-06-27,Panama,England,PAN,ENG,USA,0,2,,
2026-06-27,Croatia,Ghana,HRV,GHA,USA,2,1,,
2026-06-27,Colombia,Portugal,COL,PRT,USA,0,0,,
2026-06-27,DR Congo,Uzbekistan,COD,UZB,USA,3,1,,
2026-06-27,Algeria,Austria,DZA,AUT,USA,3,3,,
2026-06-27,Jordan,Argentina,JOR,ARG,USA,1,3,,
2026-06-28,Canada,South Africa,CAN,ZAF,USA,1,0,,
2026-06-29,Brazil,Japan,BRA,JPN,USA,2,1,,
2026-06-29,Germany,Paraguay,DEU,PRY,USA,1,1,3.0,4.0
2026-06-29,Netherlands,Morocco,NLD,MAR,MEX,1,1,2.0,3.0
2026-06-30,Ivory Coast,Norway,CIV,NOR,USA,1,2,,
2026-06-30,France,Sweden,FRA,SWE,USA,3,0,,
2026-06-30,Mexico,Ecuador,MEX,ECU,MEX,2,0,,
2026-07-01,England,DR Congo,ENG,COD,USA,2,1,,
2026-07-01,USA,Bosnia & Herzegovina,USA,BIH,USA,2,0,,
2026-07-01,Belgium,Senegal,BEL,SEN,USA,3,2,,
2026-07-02,Portugal,Croatia,PRT,HRV,CAN,2,1,,
2026-07-02,Spain,Austria,ESP,AUT,USA,3,0,,
2026-07-02,Switzerland,Algeria,CHE,DZA,CAN,2,0,,
2026-07-03,Argentina,Cape Verde,ARG,CPV,USA,3,2,,
2026-07-03,Colombia,Ghana,COL,GHA,USA,1,0,,
2026-07-03,Egypt,Australia,EGY,AUS,USA,1,1,4.0,2.0
2026-07-04,Morocco,Canada,MAR,CAN,USA,3,0,,
2026-07-04,France,Paraguay,FRA,PRY,USA,1,0,,
2026-07-05,Norway,Brazil,NOR,BRA,USA,2,1,,
2026-07-05,England,Mexico,ENG,MEX,MEX,3,2,,
